{"_id":{"$oid":"6565ec26bd6bd0539b463583"},"type":"smart phone","model":"platina"}
{"_id":{"$oid":"6565ec26bd6bd0539b463584"},"type":"smart phone","model":"k9"}
{"_id":{"$oid":"6565ec26bd6bd0539b463585"},"type":"smart phone","model":"xm23"}
{"_id":{"$oid":"6565ec26bd6bd0539b463586"},"type":"smart phone","model":"c12"}
{"_id":{"$oid":"6565ec26bd6bd0539b463587"},"type":"smart phone","model":"xm23"}
{"_id":{"$oid":"6565ec26bd6bd0539b463588"},"type":"smart phone","model":"k9"}
{"_id":{"$oid":"6565ec26bd6bd0539b463589"},"type":"smart phone","model":"xm23"}
{"_id":{"$oid":"6565ec26bd6bd0539b46358a"},"type":"smart phone","model":"platina"}
{"_id":{"$oid":"6565ec26bd6bd0539b46358b"},"type":"smart phone","model":"pk2"}
{"_id":{"$oid":"6565ec26bd6bd0539b46358c"},"type":"smart phone","model":"bn20"}
{"_id":{"$oid":"6565ec26bd6bd0539b46358d"},"type":"smart phone","model":"c3"}
{"_id":{"$oid":"6565ec26bd6bd0539b46358e"},"type":"smart phone","model":"bn20"}
{"_id":{"$oid":"6565ec26bd6bd0539b46358f"},"type":"smart phone","model":"k9"}
{"_id":{"$oid":"6565ec26bd6bd0539b463590"},"type":"smart phone","model":"cz"}
{"_id":{"$oid":"6565ec26bd6bd0539b463591"},"type":"smart phone","model":"c12"}
{"_id":{"$oid":"6565ec26bd6bd0539b463592"},"type":"smart phone","model":"c3"}
{"_id":{"$oid":"6565ec26bd6bd0539b463593"},"type":"smart phone","model":"cz"}
{"_id":{"$oid":"6565ec26bd6bd0539b463594"},"type":"smart phone","model":"cz"}
{"_id":{"$oid":"6565ec26bd6bd0539b463595"},"type":"smart phone","model":"bn20"}
{"_id":{"$oid":"6565ec26bd6bd0539b463596"},"type":"smart phone","model":"pk2"}
{"_id":{"$oid":"6565ec26bd6bd0539b463597"},"type":"laptop","model":"qw2"}
{"_id":{"$oid":"6565ec26bd6bd0539b463598"},"type":"smart phone","model":"c3"}
{"_id":{"$oid":"6565ec26bd6bd0539b463599"},"type":"smart phone","model":"c12"}
{"_id":{"$oid":"6565ec26bd6bd0539b46359a"},"type":"smart phone","model":"pk2"}
{"_id":{"$oid":"6565ec26bd6bd0539b46359b"},"type":"laptop","model":"c6"}
{"_id":{"$oid":"6565ec26bd6bd0539b46359c"},"type":"laptop","model":"qw2"}
{"_id":{"$oid":"6565ec26bd6bd0539b46359d"},"type":"laptop","model":"k12"}
{"_id":{"$oid":"6565ec26bd6bd0539b46359e"},"type":"laptop","model":"ay9"}
{"_id":{"$oid":"6565ec26bd6bd0539b46359f"},"type":"laptop","model":"zeta"}
{"_id":{"$oid":"6565ec26bd6bd0539b4635a0"},"type":"laptop","model":"zeta"}
{"_id":{"$oid":"6565ec26bd6bd0539b4635a1"},"type":"laptop","model":"jl3"}
{"_id":{"$oid":"6565ec26bd6bd0539b4635a2"},"type":"laptop","model":"ki2"}
{"_id":{"$oid":"6565ec26bd6bd0539b4635a3"},"type":"laptop","model":"zeta"}
{"_id":{"$oid":"6565ec26bd6bd0539b4635a4"},"type":"laptop","model":"qw2"}
{"_id":{"$oid":"6565ec26bd6bd0539b4635a5"},"type":"laptop","model":"ay9"}
{"_id":{"$oid":"6565ec26bd6bd0539b4635a6"},"type":"laptop","model":"ki2"}
{"_id":{"$oid":"6565ec26bd6bd0539b4635a7"},"type":"laptop","model":"ki2"}
{"_id":{"$oid":"6565ec26bd6bd0539b4635a8"},"type":"laptop","model":"ki2"}
{"_id":{"$oid":"6565ec26bd6bd0539b4635a9"},"type":"laptop","model":"kz"}
{"_id":{"$oid":"6565ec26bd6bd0539b4635aa"},"type":"laptop","model":"ki2"}
{"_id":{"$oid":"6565ec26bd6bd0539b4635ab"},"type":"laptop","model":"kz"}
{"_id":{"$oid":"6565ec26bd6bd0539b4635ac"},"type":"laptop","model":"c6"}
{"_id":{"$oid":"6565ec26bd6bd0539b4635ad"},"type":"laptop","model":"j3"}
{"_id":{"$oid":"6565ec26bd6bd0539b4635ae"},"type":"laptop","model":"jl3"}
{"_id":{"$oid":"6565ec26bd6bd0539b4635af"},"type":"laptop","model":"ay9"}
{"_id":{"$oid":"6565ec26bd6bd0539b4635b0"},"type":"smart phone","model":"platina"}
{"_id":{"$oid":"6565ec26bd6bd0539b4635b1"},"type":"laptop","model":"jl3"}
{"_id":{"$oid":"6565ec26bd6bd0539b4635b2"},"type":"laptop","model":"ay9"}
{"_id":{"$oid":"6565ec26bd6bd0539b4635b3"},"type":"laptop","model":"k12"}
{"_id":{"$oid":"6565ec26bd6bd0539b4635b4"},"type":"laptop","model":"j3"}
{"_id":{"$oid":"6565ec26bd6bd0539b4635b5"},"type":"laptop","model":"c6"}
{"_id":{"$oid":"6565ec26bd6bd0539b4635b6"},"type":"laptop","model":"qw2"}
{"_id":{"$oid":"6565ec26bd6bd0539b4635b7"},"type":"laptop","model":"c6"}
{"_id":{"$oid":"6565ec26bd6bd0539b4635b8"},"type":"laptop","model":"qw2"}
{"_id":{"$oid":"6565ec26bd6bd0539b4635b9"},"type":"laptop","model":"k12"}
{"_id":{"$oid":"6565ec26bd6bd0539b4635ba"},"type":"laptop","model":"k12"}
{"_id":{"$oid":"6565ec26bd6bd0539b4635bb"},"type":"laptop","model":"zeta"}
{"_id":{"$oid":"6565ec26bd6bd0539b4635bc"},"type":"laptop","model":"qw2"}
{"_id":{"$oid":"6565ec26bd6bd0539b4635bd"},"type":"laptop","model":"k12"}
{"_id":{"$oid":"6565ec26bd6bd0539b4635be"},"type":"laptop","model":"ay9"}
{"_id":{"$oid":"6565ec26bd6bd0539b4635bf"},"type":"laptop","model":"k12"}
{"_id":{"$oid":"6565ec26bd6bd0539b4635c0"},"type":"laptop","model":"kz"}
{"_id":{"$oid":"6565ec26bd6bd0539b4635c1"},"type":"laptop","model":"j3"}
{"_id":{"$oid":"6565ec26bd6bd0539b4635c2"},"type":"laptop","model":"k12"}
{"_id":{"$oid":"6565ec26bd6bd0539b4635c3"},"type":"laptop","model":"zeta"}
{"_id":{"$oid":"6565ec26bd6bd0539b4635c4"},"type":"laptop","model":"k12"}
{"_id":{"$oid":"6565ec26bd6bd0539b4635c5"},"type":"laptop","model":"qw2"}
{"_id":{"$oid":"6565ec26bd6bd0539b4635c6"},"type":"laptop","model":"k12"}
{"_id":{"$oid":"6565ec26bd6bd0539b4635c7"},"type":"laptop","model":"zeta"}
{"_id":{"$oid":"6565ec26bd6bd0539b4635c8"},"type":"laptop","model":"jl3"}
{"_id":{"$oid":"6565ec26bd6bd0539b4635c9"},"type":"laptop","model":"ay9"}
{"_id":{"$oid":"6565ec26bd6bd0539b4635ca"},"type":"laptop","model":"k12"}
{"_id":{"$oid":"6565ec26bd6bd0539b4635cb"},"type":"laptop","model":"ki2"}
{"_id":{"$oid":"6565ec26bd6bd0539b4635cc"},"type":"laptop","model":"j3"}
{"_id":{"$oid":"6565ec26bd6bd0539b4635cd"},"type":"laptop","model":"jl3"}
{"_id":{"$oid":"6565ec26bd6bd0539b4635ce"},"type":"laptop","model":"qw2"}
{"_id":{"$oid":"6565ec26bd6bd0539b4635cf"},"type":"laptop","model":"qw2"}
{"_id":{"$oid":"6565ec26bd6bd0539b4635d0"},"type":"laptop","model":"jl3"}
{"_id":{"$oid":"6565ec26bd6bd0539b4635d1"},"type":"laptop","model":"zeta"}
{"_id":{"$oid":"6565ec26bd6bd0539b4635d2"},"type":"laptop","model":"j3"}
{"_id":{"$oid":"6565ec26bd6bd0539b4635d3"},"type":"laptop","model":"ki2"}
{"_id":{"$oid":"6565ec26bd6bd0539b4635d4"},"type":"laptop","model":"jl3"}
{"_id":{"$oid":"6565ec26bd6bd0539b4635d5"},"type":"laptop","model":"qw2"}
{"_id":{"$oid":"6565ec26bd6bd0539b4635d6"},"type":"laptop","model":"kz"}
{"_id":{"$oid":"6565ec26bd6bd0539b4635d7"},"type":"laptop","model":"ay9"}
{"_id":{"$oid":"6565ec26bd6bd0539b4635d8"},"type":"laptop","model":"ay9"}
{"_id":{"$oid":"6565ec26bd6bd0539b4635d9"},"type":"laptop","model":"kz"}
{"_id":{"$oid":"6565ec26bd6bd0539b4635da"},"type":"laptop","model":"j3"}
{"_id":{"$oid":"6565ec26bd6bd0539b4635db"},"type":"laptop","model":"ay9"}
{"_id":{"$oid":"6565ec26bd6bd0539b4635dc"},"type":"laptop","model":"j3"}
{"_id":{"$oid":"6565ec26bd6bd0539b4635dd"},"type":"laptop","model":"c6"}
{"_id":{"$oid":"6565ec26bd6bd0539b4635de"},"type":"laptop","model":"k12"}
{"_id":{"$oid":"6565ec26bd6bd0539b4635df"},"type":"laptop","model":"k12"}
{"_id":{"$oid":"6565ec26bd6bd0539b4635e0"},"type":"laptop","model":"kz"}
{"_id":{"$oid":"6565ec26bd6bd0539b4635e1"},"type":"laptop","model":"ay9"}
{"_id":{"$oid":"6565ec26bd6bd0539b4635e2"},"type":"laptop","model":"kz"}
{"_id":{"$oid":"6565ec26bd6bd0539b4635e3"},"type":"laptop","model":"ki2"}
{"_id":{"$oid":"6565ec26bd6bd0539b4635e4"},"type":"laptop","model":"qw2"}
{"_id":{"$oid":"6565ec26bd6bd0539b4635e5"},"type":"laptop","model":"ki2"}
{"_id":{"$oid":"6565ec26bd6bd0539b4635e6"},"type":"laptop","model":"kz"}
{"_id":{"$oid":"6565ec26bd6bd0539b4635e7"},"type":"laptop","model":"qw2"}
{"_id":{"$oid":"6565ec26bd6bd0539b4635e8"},"type":"laptop","model":"zeta"}
{"_id":{"$oid":"6565ec26bd6bd0539b4635e9"},"type":"laptop","model":"zeta"}
{"_id":{"$oid":"6565ec26bd6bd0539b4635ea"},"type":"laptop","model":"qw2"}
{"_id":{"$oid":"6565ec26bd6bd0539b4635eb"},"type":"laptop","model":"qw2"}
{"_id":{"$oid":"6565ec26bd6bd0539b4635ec"},"type":"laptop","model":"j3"}
{"_id":{"$oid":"6565ec26bd6bd0539b4635ed"},"type":"laptop","model":"ki2"}
{"_id":{"$oid":"6565ec26bd6bd0539b4635ee"},"type":"laptop","model":"k12"}
{"_id":{"$oid":"6565ec26bd6bd0539b4635ef"},"type":"laptop","model":"ki2"}
{"_id":{"$oid":"6565ec26bd6bd0539b4635f0"},"type":"laptop","model":"k12"}
{"_id":{"$oid":"6565ec26bd6bd0539b4635f1"},"type":"laptop","model":"k12"}
{"_id":{"$oid":"6565ec26bd6bd0539b4635f2"},"type":"laptop","model":"k12"}
{"_id":{"$oid":"6565ec26bd6bd0539b4635f3"},"type":"laptop","model":"c6"}
{"_id":{"$oid":"6565ec26bd6bd0539b4635f4"},"type":"laptop","model":"ay9"}
{"_id":{"$oid":"6565ec26bd6bd0539b4635f5"},"type":"laptop","model":"kz"}
{"_id":{"$oid":"6565ec26bd6bd0539b4635f6"},"type":"laptop","model":"ay9"}
{"_id":{"$oid":"6565ec26bd6bd0539b4635f7"},"type":"laptop","model":"k12"}
{"_id":{"$oid":"6565ec26bd6bd0539b4635f8"},"type":"laptop","model":"kz"}
{"_id":{"$oid":"6565ec26bd6bd0539b4635f9"},"type":"laptop","model":"k12"}
{"_id":{"$oid":"6565ec26bd6bd0539b4635fa"},"type":"laptop","model":"ay9"}
{"_id":{"$oid":"6565ec26bd6bd0539b4635fb"},"type":"laptop","model":"k12"}
{"_id":{"$oid":"6565ec26bd6bd0539b4635fc"},"type":"laptop","model":"jl3"}
{"_id":{"$oid":"6565ec26bd6bd0539b4635fd"},"type":"laptop","model":"j3"}
{"_id":{"$oid":"6565ec26bd6bd0539b4635fe"},"type":"laptop","model":"ay9"}
{"_id":{"$oid":"6565ec26bd6bd0539b4635ff"},"type":"laptop","model":"kz"}
{"_id":{"$oid":"6565ec26bd6bd0539b463600"},"type":"laptop","model":"kz"}
{"_id":{"$oid":"6565ec26bd6bd0539b463601"},"type":"laptop","model":"c6"}
{"_id":{"$oid":"6565ec26bd6bd0539b463602"},"type":"laptop","model":"j3"}
{"_id":{"$oid":"6565ec26bd6bd0539b463603"},"type":"laptop","model":"ay9"}
{"_id":{"$oid":"6565ec26bd6bd0539b463604"},"type":"laptop","model":"kz"}
{"_id":{"$oid":"6565ec26bd6bd0539b463605"},"type":"laptop","model":"qw2"}
{"_id":{"$oid":"6565ec26bd6bd0539b463606"},"type":"laptop","model":"c6"}
{"_id":{"$oid":"6565ec26bd6bd0539b463607"},"type":"laptop","model":"c6"}
{"_id":{"$oid":"6565ec26bd6bd0539b463608"},"type":"laptop","model":"k12"}
{"_id":{"$oid":"6565ec26bd6bd0539b463609"},"type":"laptop","model":"kz"}
{"_id":{"$oid":"6565ec26bd6bd0539b46360a"},"type":"laptop","model":"ay9"}
{"_id":{"$oid":"6565ec26bd6bd0539b46360b"},"type":"laptop","model":"ay9"}
{"_id":{"$oid":"6565ec26bd6bd0539b46360c"},"type":"laptop","model":"ay9"}
{"_id":{"$oid":"6565ec26bd6bd0539b46360d"},"type":"laptop","model":"kz"}
{"_id":{"$oid":"6565ec26bd6bd0539b46360e"},"type":"laptop","model":"j3"}
{"_id":{"$oid":"6565ec26bd6bd0539b46360f"},"type":"laptop","model":"qw2"}
{"_id":{"$oid":"6565ec26bd6bd0539b463610"},"type":"laptop","model":"c6"}
{"_id":{"$oid":"6565ec26bd6bd0539b463611"},"type":"laptop","model":"kz"}
{"_id":{"$oid":"6565ec26bd6bd0539b463612"},"type":"laptop","model":"ki2"}
{"_id":{"$oid":"6565ec26bd6bd0539b463613"},"type":"laptop","model":"jl3"}
{"_id":{"$oid":"6565ec26bd6bd0539b463614"},"type":"laptop","model":"k12"}
{"_id":{"$oid":"6565ec26bd6bd0539b463615"},"type":"laptop","model":"ki2"}
{"_id":{"$oid":"6565ec26bd6bd0539b463616"},"type":"laptop","model":"k12"}
{"_id":{"$oid":"6565ec26bd6bd0539b463617"},"type":"laptop","model":"kz"}
{"_id":{"$oid":"6565ec26bd6bd0539b463618"},"type":"laptop","model":"qw2"}
{"_id":{"$oid":"6565ec26bd6bd0539b463619"},"type":"laptop","model":"ki2"}
{"_id":{"$oid":"6565ec26bd6bd0539b46361a"},"type":"laptop","model":"c6"}
{"_id":{"$oid":"6565ec26bd6bd0539b46361b"},"type":"laptop","model":"j3"}
{"_id":{"$oid":"6565ec26bd6bd0539b46361c"},"type":"laptop","model":"k12"}
{"_id":{"$oid":"6565ec26bd6bd0539b46361d"},"type":"laptop","model":"zeta"}
{"_id":{"$oid":"6565ec26bd6bd0539b46361e"},"type":"laptop","model":"ki2"}
{"_id":{"$oid":"6565ec26bd6bd0539b46361f"},"type":"laptop","model":"kz"}
{"_id":{"$oid":"6565ec26bd6bd0539b463620"},"type":"laptop","model":"ki2"}
{"_id":{"$oid":"6565ec26bd6bd0539b463621"},"type":"laptop","model":"k12"}
{"_id":{"$oid":"6565ec26bd6bd0539b463622"},"type":"laptop","model":"ki2"}
{"_id":{"$oid":"6565ec26bd6bd0539b463623"},"type":"laptop","model":"kz"}
{"_id":{"$oid":"6565ec26bd6bd0539b463624"},"type":"laptop","model":"zeta"}
{"_id":{"$oid":"6565ec26bd6bd0539b463625"},"type":"laptop","model":"qw2"}
{"_id":{"$oid":"6565ec26bd6bd0539b463626"},"type":"laptop","model":"ay9"}
{"_id":{"$oid":"6565ec26bd6bd0539b463627"},"type":"laptop","model":"j3"}
{"_id":{"$oid":"6565ec26bd6bd0539b463628"},"type":"laptop","model":"qw2"}
{"_id":{"$oid":"6565ec26bd6bd0539b463629"},"type":"laptop","model":"k12"}
{"_id":{"$oid":"6565ec26bd6bd0539b46362a"},"type":"laptop","model":"c6"}
{"_id":{"$oid":"6565ec26bd6bd0539b46362b"},"type":"laptop","model":"k12"}
{"_id":{"$oid":"6565ec26bd6bd0539b46362c"},"type":"laptop","model":"kz"}
{"_id":{"$oid":"6565ec26bd6bd0539b46362d"},"type":"laptop","model":"jl3"}
{"_id":{"$oid":"6565ec26bd6bd0539b46362e"},"type":"laptop","model":"c6"}
{"_id":{"$oid":"6565ec26bd6bd0539b46362f"},"type":"laptop","model":"zeta"}
{"_id":{"$oid":"6565ec26bd6bd0539b463630"},"type":"laptop","model":"ay9"}
{"_id":{"$oid":"6565ec26bd6bd0539b463631"},"type":"laptop","model":"ay9"}
{"_id":{"$oid":"6565ec26bd6bd0539b463632"},"type":"laptop","model":"zeta"}
{"_id":{"$oid":"6565ec26bd6bd0539b463633"},"type":"laptop","model":"ki2"}
{"_id":{"$oid":"6565ec26bd6bd0539b463634"},"type":"laptop","model":"ay9"}
{"_id":{"$oid":"6565ec26bd6bd0539b463635"},"type":"laptop","model":"k12"}
{"_id":{"$oid":"6565ec26bd6bd0539b463636"},"type":"laptop","model":"jl3"}
{"_id":{"$oid":"6565ec26bd6bd0539b463637"},"type":"laptop","model":"ki2"}
{"_id":{"$oid":"6565ec26bd6bd0539b463638"},"type":"laptop","model":"ki2"}
{"_id":{"$oid":"6565ec26bd6bd0539b463639"},"type":"laptop","model":"jl3"}
{"_id":{"$oid":"6565ec26bd6bd0539b46363a"},"type":"laptop","model":"jl3"}
{"_id":{"$oid":"6565ec26bd6bd0539b46363b"},"type":"laptop","model":"jl3"}
{"_id":{"$oid":"6565ec26bd6bd0539b46363c"},"type":"laptop","model":"zeta"}
{"_id":{"$oid":"6565ec26bd6bd0539b46363d"},"type":"laptop","model":"ay9"}
{"_id":{"$oid":"6565ec26bd6bd0539b46363e"},"type":"laptop","model":"zeta"}
{"_id":{"$oid":"6565ec26bd6bd0539b46363f"},"type":"laptop","model":"zeta"}
{"_id":{"$oid":"6565ec26bd6bd0539b463640"},"type":"laptop","model":"c6"}
{"_id":{"$oid":"6565ec26bd6bd0539b463641"},"type":"laptop","model":"ki2"}
{"_id":{"$oid":"6565ec26bd6bd0539b463642"},"type":"laptop","model":"ay9"}
{"_id":{"$oid":"6565ec26bd6bd0539b463643"},"type":"laptop","model":"ay9"}
{"_id":{"$oid":"6565ec26bd6bd0539b463644"},"type":"laptop","model":"jl3"}
{"_id":{"$oid":"6565ec26bd6bd0539b463645"},"type":"laptop","model":"k12"}
{"_id":{"$oid":"6565ec26bd6bd0539b463646"},"type":"laptop","model":"ay9"}
{"_id":{"$oid":"6565ec26bd6bd0539b463647"},"type":"laptop","model":"zeta"}
{"_id":{"$oid":"6565ec26bd6bd0539b463648"},"type":"laptop","model":"kz"}
{"_id":{"$oid":"6565ec26bd6bd0539b463649"},"type":"laptop","model":"qw2"}
{"_id":{"$oid":"6565ec26bd6bd0539b46364a"},"type":"laptop","model":"c6"}
{"_id":{"$oid":"6565ec26bd6bd0539b46364b"},"type":"laptop","model":"ki2"}
{"_id":{"$oid":"6565ec26bd6bd0539b46364c"},"type":"laptop","model":"jl3"}
{"_id":{"$oid":"6565ec26bd6bd0539b46364d"},"type":"laptop","model":"j3"}
{"_id":{"$oid":"6565ec26bd6bd0539b46364e"},"type":"laptop","model":"jl3"}
{"_id":{"$oid":"6565ec26bd6bd0539b46364f"},"type":"laptop","model":"ay9"}
{"_id":{"$oid":"6565ec26bd6bd0539b463650"},"type":"laptop","model":"qw2"}
{"_id":{"$oid":"6565ec26bd6bd0539b463651"},"type":"laptop","model":"ay9"}
{"_id":{"$oid":"6565ec26bd6bd0539b463652"},"type":"laptop","model":"zeta"}
{"_id":{"$oid":"6565ec26bd6bd0539b463653"},"type":"laptop","model":"ki2"}
{"_id":{"$oid":"6565ec26bd6bd0539b463654"},"type":"laptop","model":"ki2"}
{"_id":{"$oid":"6565ec26bd6bd0539b463655"},"type":"laptop","model":"kz"}
{"_id":{"$oid":"6565ec26bd6bd0539b463656"},"type":"laptop","model":"c6"}
{"_id":{"$oid":"6565ec26bd6bd0539b463657"},"type":"laptop","model":"kz"}
{"_id":{"$oid":"6565ec26bd6bd0539b463658"},"type":"laptop","model":"c6"}
{"_id":{"$oid":"6565ec26bd6bd0539b463659"},"type":"laptop","model":"qw2"}
{"_id":{"$oid":"6565ec26bd6bd0539b46365a"},"type":"laptop","model":"kz"}
{"_id":{"$oid":"6565ec26bd6bd0539b46365b"},"type":"laptop","model":"c6"}
{"_id":{"$oid":"6565ec26bd6bd0539b46365c"},"type":"laptop","model":"jl3"}
{"_id":{"$oid":"6565ec26bd6bd0539b46365d"},"type":"laptop","model":"ay9"}
{"_id":{"$oid":"6565ec26bd6bd0539b46365e"},"type":"laptop","model":"j3"}
{"_id":{"$oid":"6565ec26bd6bd0539b46365f"},"type":"laptop","model":"ki2"}
{"_id":{"$oid":"6565ec26bd6bd0539b463660"},"type":"laptop","model":"k12"}
{"_id":{"$oid":"6565ec26bd6bd0539b463661"},"type":"laptop","model":"ki2"}
{"_id":{"$oid":"6565ec26bd6bd0539b463662"},"type":"laptop","model":"qw2"}
{"_id":{"$oid":"6565ec26bd6bd0539b463663"},"type":"laptop","model":"jl3"}
{"_id":{"$oid":"6565ec26bd6bd0539b463664"},"type":"laptop","model":"ki2"}
{"_id":{"$oid":"6565ec26bd6bd0539b463665"},"type":"laptop","model":"ay9"}
{"_id":{"$oid":"6565ec26bd6bd0539b463666"},"type":"laptop","model":"jl3"}
{"_id":{"$oid":"6565ec26bd6bd0539b463667"},"type":"laptop","model":"ki2"}
{"_id":{"$oid":"6565ec26bd6bd0539b463668"},"type":"laptop","model":"zeta"}
{"_id":{"$oid":"6565ec26bd6bd0539b463669"},"type":"laptop","model":"kz"}
{"_id":{"$oid":"6565ec26bd6bd0539b46366a"},"type":"laptop","model":"c6"}
{"_id":{"$oid":"6565ec26bd6bd0539b46366b"},"type":"laptop","model":"kz"}
{"_id":{"$oid":"6565ec26bd6bd0539b46366c"},"type":"laptop","model":"j3"}
{"_id":{"$oid":"6565ec26bd6bd0539b46366d"},"type":"laptop","model":"kz"}
{"_id":{"$oid":"6565ec26bd6bd0539b46366e"},"type":"laptop","model":"c6"}
{"_id":{"$oid":"6565ec26bd6bd0539b46366f"},"type":"laptop","model":"j3"}
{"_id":{"$oid":"6565ec26bd6bd0539b463670"},"type":"laptop","model":"ki2"}
{"_id":{"$oid":"6565ec26bd6bd0539b463671"},"type":"laptop","model":"k12"}
{"_id":{"$oid":"6565ec26bd6bd0539b463672"},"type":"laptop","model":"zeta"}
{"_id":{"$oid":"6565ec26bd6bd0539b463673"},"type":"laptop","model":"qw2"}
{"_id":{"$oid":"6565ec26bd6bd0539b463674"},"type":"laptop","model":"k12"}
{"_id":{"$oid":"6565ec26bd6bd0539b463675"},"type":"laptop","model":"j3"}
{"_id":{"$oid":"6565ec26bd6bd0539b463676"},"type":"laptop","model":"zeta"}
{"_id":{"$oid":"6565ec26bd6bd0539b463677"},"type":"laptop","model":"jl3"}
{"_id":{"$oid":"6565ec26bd6bd0539b463678"},"type":"laptop","model":"c6"}
{"_id":{"$oid":"6565ec26bd6bd0539b463679"},"type":"laptop","model":"j3"}
{"_id":{"$oid":"6565ec26bd6bd0539b46367a"},"type":"laptop","model":"jl3"}
{"_id":{"$oid":"6565ec26bd6bd0539b46367b"},"type":"laptop","model":"c6"}
{"_id":{"$oid":"6565ec26bd6bd0539b46367c"},"type":"laptop","model":"jl3"}
{"_id":{"$oid":"6565ec26bd6bd0539b46367d"},"type":"laptop","model":"k12"}
{"_id":{"$oid":"6565ec26bd6bd0539b46367e"},"type":"laptop","model":"jl3"}
{"_id":{"$oid":"6565ec26bd6bd0539b46367f"},"type":"laptop","model":"c6"}
{"_id":{"$oid":"6565ec26bd6bd0539b463680"},"type":"laptop","model":"kz"}
{"_id":{"$oid":"6565ec26bd6bd0539b463681"},"type":"laptop","model":"zeta"}
{"_id":{"$oid":"6565ec26bd6bd0539b463682"},"type":"laptop","model":"kz"}
{"_id":{"$oid":"6565ec26bd6bd0539b463683"},"type":"laptop","model":"ay9"}
{"_id":{"$oid":"6565ec26bd6bd0539b463684"},"type":"laptop","model":"qw2"}
{"_id":{"$oid":"6565ec26bd6bd0539b463685"},"type":"laptop","model":"ay9"}
{"_id":{"$oid":"6565ec26bd6bd0539b463686"},"type":"laptop","model":"jl3"}
{"_id":{"$oid":"6565ec26bd6bd0539b463687"},"type":"laptop","model":"kz"}
{"_id":{"$oid":"6565ec26bd6bd0539b463688"},"type":"laptop","model":"ki2"}
{"_id":{"$oid":"6565ec26bd6bd0539b463689"},"type":"laptop","model":"c6"}
{"_id":{"$oid":"6565ec26bd6bd0539b46368a"},"type":"laptop","model":"ay9"}
{"_id":{"$oid":"6565ec26bd6bd0539b46368b"},"type":"laptop","model":"j3"}
{"_id":{"$oid":"6565ec26bd6bd0539b46368c"},"type":"laptop","model":"j3"}
{"_id":{"$oid":"6565ec26bd6bd0539b46368d"},"type":"laptop","model":"jl3"}
{"_id":{"$oid":"6565ec26bd6bd0539b46368e"},"type":"laptop","model":"c6"}
{"_id":{"$oid":"6565ec26bd6bd0539b46368f"},"type":"laptop","model":"ay9"}
{"_id":{"$oid":"6565ec26bd6bd0539b463690"},"type":"laptop","model":"j3"}
{"_id":{"$oid":"6565ec26bd6bd0539b463691"},"type":"laptop","model":"qw2"}
{"_id":{"$oid":"6565ec26bd6bd0539b463692"},"type":"laptop","model":"ki2"}
{"_id":{"$oid":"6565ec26bd6bd0539b463693"},"type":"laptop","model":"zeta"}
{"_id":{"$oid":"6565ec26bd6bd0539b463694"},"type":"laptop","model":"c6"}
{"_id":{"$oid":"6565ec26bd6bd0539b463695"},"type":"laptop","model":"ki2"}
{"_id":{"$oid":"6565ec26bd6bd0539b463696"},"type":"laptop","model":"kz"}
{"_id":{"$oid":"6565ec26bd6bd0539b463697"},"type":"laptop","model":"j3"}
{"_id":{"$oid":"6565ec26bd6bd0539b463698"},"type":"laptop","model":"ay9"}
{"_id":{"$oid":"6565ec26bd6bd0539b463699"},"type":"laptop","model":"kz"}
{"_id":{"$oid":"6565ec26bd6bd0539b46369a"},"type":"laptop","model":"zeta"}
{"_id":{"$oid":"6565ec26bd6bd0539b46369b"},"type":"laptop","model":"ki2"}
{"_id":{"$oid":"6565ec26bd6bd0539b46369c"},"type":"laptop","model":"j3"}
{"_id":{"$oid":"6565ec26bd6bd0539b46369d"},"type":"laptop","model":"ki2"}
{"_id":{"$oid":"6565ec26bd6bd0539b46369e"},"type":"laptop","model":"kz"}
{"_id":{"$oid":"6565ec26bd6bd0539b46369f"},"type":"laptop","model":"kz"}
{"_id":{"$oid":"6565ec26bd6bd0539b4636a0"},"type":"laptop","model":"c6"}
{"_id":{"$oid":"6565ec26bd6bd0539b4636a1"},"type":"laptop","model":"jl3"}
{"_id":{"$oid":"6565ec26bd6bd0539b4636a2"},"type":"laptop","model":"kz"}
{"_id":{"$oid":"6565ec26bd6bd0539b4636a3"},"type":"laptop","model":"k12"}
{"_id":{"$oid":"6565ec26bd6bd0539b4636a4"},"type":"laptop","model":"ki2"}
{"_id":{"$oid":"6565ec26bd6bd0539b4636a5"},"type":"laptop","model":"k12"}
{"_id":{"$oid":"6565ec26bd6bd0539b4636a6"},"type":"laptop","model":"c6"}
{"_id":{"$oid":"6565ec26bd6bd0539b4636a7"},"type":"laptop","model":"zeta"}
{"_id":{"$oid":"6565ec26bd6bd0539b4636a8"},"type":"laptop","model":"j3"}
{"_id":{"$oid":"6565ec26bd6bd0539b4636a9"},"type":"laptop","model":"c6"}
{"_id":{"$oid":"6565ec26bd6bd0539b4636aa"},"type":"laptop","model":"qw2"}
{"_id":{"$oid":"6565ec26bd6bd0539b4636ab"},"type":"laptop","model":"ay9"}
{"_id":{"$oid":"6565ec26bd6bd0539b4636ac"},"type":"laptop","model":"k12"}
{"_id":{"$oid":"6565ec26bd6bd0539b4636ad"},"type":"laptop","model":"k12"}
{"_id":{"$oid":"6565ec26bd6bd0539b4636ae"},"type":"laptop","model":"ki2"}
{"_id":{"$oid":"6565ec26bd6bd0539b4636af"},"type":"laptop","model":"jl3"}
{"_id":{"$oid":"6565ec26bd6bd0539b4636b0"},"type":"laptop","model":"qw2"}
{"_id":{"$oid":"6565ec26bd6bd0539b4636b1"},"type":"laptop","model":"c6"}
{"_id":{"$oid":"6565ec26bd6bd0539b4636b2"},"type":"laptop","model":"jl3"}
{"_id":{"$oid":"6565ec26bd6bd0539b4636b3"},"type":"laptop","model":"j3"}
{"_id":{"$oid":"6565ec26bd6bd0539b4636b4"},"type":"laptop","model":"zeta"}
{"_id":{"$oid":"6565ec26bd6bd0539b4636b5"},"type":"laptop","model":"c6"}
{"_id":{"$oid":"6565ec26bd6bd0539b4636b6"},"type":"laptop","model":"kz"}
{"_id":{"$oid":"6565ec26bd6bd0539b4636b7"},"type":"laptop","model":"j3"}
{"_id":{"$oid":"6565ec26bd6bd0539b4636b8"},"type":"laptop","model":"j3"}
{"_id":{"$oid":"6565ec26bd6bd0539b4636b9"},"type":"laptop","model":"ay9"}
{"_id":{"$oid":"6565ec26bd6bd0539b4636ba"},"type":"laptop","model":"zeta"}
{"_id":{"$oid":"6565ec26bd6bd0539b4636bb"},"type":"laptop","model":"zeta"}
{"_id":{"$oid":"6565ec26bd6bd0539b4636bc"},"type":"laptop","model":"j3"}
{"_id":{"$oid":"6565ec26bd6bd0539b4636bd"},"type":"laptop","model":"k12"}
{"_id":{"$oid":"6565ec26bd6bd0539b4636be"},"type":"laptop","model":"qw2"}
{"_id":{"$oid":"6565ec26bd6bd0539b4636bf"},"type":"laptop","model":"qw2"}
{"_id":{"$oid":"6565ec26bd6bd0539b4636c0"},"type":"laptop","model":"kz"}
{"_id":{"$oid":"6565ec26bd6bd0539b4636c1"},"type":"laptop","model":"qw2"}
{"_id":{"$oid":"6565ec26bd6bd0539b4636c2"},"type":"laptop","model":"qw2"}
{"_id":{"$oid":"6565ec26bd6bd0539b4636c3"},"type":"laptop","model":"c6"}
{"_id":{"$oid":"6565ec26bd6bd0539b4636c4"},"type":"laptop","model":"qw2"}
{"_id":{"$oid":"6565ec26bd6bd0539b4636c5"},"type":"laptop","model":"ay9"}
{"_id":{"$oid":"6565ec26bd6bd0539b4636c6"},"type":"laptop","model":"k12"}
{"_id":{"$oid":"6565ec26bd6bd0539b4636c7"},"type":"laptop","model":"zeta"}
{"_id":{"$oid":"6565ec26bd6bd0539b4636c8"},"type":"laptop","model":"qw2"}
{"_id":{"$oid":"6565ec26bd6bd0539b4636c9"},"type":"laptop","model":"jl3"}
{"_id":{"$oid":"6565ec26bd6bd0539b4636ca"},"type":"laptop","model":"ay9"}
{"_id":{"$oid":"6565ec26bd6bd0539b4636cb"},"type":"laptop","model":"c6"}
{"_id":{"$oid":"6565ec26bd6bd0539b4636cc"},"type":"laptop","model":"j3"}
{"_id":{"$oid":"6565ec26bd6bd0539b4636cd"},"type":"laptop","model":"c6"}
{"_id":{"$oid":"6565ec26bd6bd0539b4636ce"},"type":"laptop","model":"zeta"}
{"_id":{"$oid":"6565ec26bd6bd0539b4636cf"},"type":"laptop","model":"c6"}
{"_id":{"$oid":"6565ec26bd6bd0539b4636d0"},"type":"laptop","model":"ki2"}
{"_id":{"$oid":"6565ec26bd6bd0539b4636d1"},"type":"laptop","model":"c6"}
{"_id":{"$oid":"6565ec26bd6bd0539b4636d2"},"type":"laptop","model":"jl3"}
{"_id":{"$oid":"6565ec26bd6bd0539b4636d3"},"type":"laptop","model":"ki2"}
{"_id":{"$oid":"6565ec26bd6bd0539b4636d4"},"type":"laptop","model":"ki2"}
{"_id":{"$oid":"6565ec26bd6bd0539b4636d5"},"type":"laptop","model":"jl3"}
{"_id":{"$oid":"6565ec26bd6bd0539b4636d6"},"type":"laptop","model":"ki2"}
{"_id":{"$oid":"6565ec26bd6bd0539b4636d7"},"type":"laptop","model":"ki2"}
{"_id":{"$oid":"6565ec26bd6bd0539b4636d8"},"type":"laptop","model":"k12"}
{"_id":{"$oid":"6565ec26bd6bd0539b4636d9"},"type":"laptop","model":"jl3"}
{"_id":{"$oid":"6565ec26bd6bd0539b4636da"},"type":"laptop","model":"j3"}
{"_id":{"$oid":"6565ec26bd6bd0539b4636db"},"type":"laptop","model":"jl3"}
{"_id":{"$oid":"6565ec26bd6bd0539b4636dc"},"type":"laptop","model":"k12"}
{"_id":{"$oid":"6565ec26bd6bd0539b4636dd"},"type":"laptop","model":"j3"}
{"_id":{"$oid":"6565ec26bd6bd0539b4636de"},"type":"laptop","model":"kz"}
{"_id":{"$oid":"6565ec26bd6bd0539b4636df"},"type":"laptop","model":"jl3"}
{"_id":{"$oid":"6565ec26bd6bd0539b4636e0"},"type":"laptop","model":"qw2"}
{"_id":{"$oid":"6565ec26bd6bd0539b4636e1"},"type":"laptop","model":"j3"}
{"_id":{"$oid":"6565ec26bd6bd0539b4636e2"},"type":"laptop","model":"jl3"}
{"_id":{"$oid":"6565ec26bd6bd0539b4636e3"},"type":"laptop","model":"qw2"}
{"_id":{"$oid":"6565ec26bd6bd0539b4636e4"},"type":"laptop","model":"ay9"}
{"_id":{"$oid":"6565ec26bd6bd0539b4636e5"},"type":"laptop","model":"zeta"}
{"_id":{"$oid":"6565ec26bd6bd0539b4636e6"},"type":"laptop","model":"c6"}
{"_id":{"$oid":"6565ec26bd6bd0539b4636e7"},"type":"laptop","model":"k12"}
{"_id":{"$oid":"6565ec26bd6bd0539b4636e8"},"type":"laptop","model":"qw2"}
{"_id":{"$oid":"6565ec26bd6bd0539b4636e9"},"type":"laptop","model":"zeta"}
{"_id":{"$oid":"6565ec26bd6bd0539b4636ea"},"type":"laptop","model":"jl3"}
{"_id":{"$oid":"6565ec26bd6bd0539b4636eb"},"type":"laptop","model":"c6"}
{"_id":{"$oid":"6565ec26bd6bd0539b4636ec"},"type":"laptop","model":"zeta"}
{"_id":{"$oid":"6565ec26bd6bd0539b4636ed"},"type":"laptop","model":"jl3"}
{"_id":{"$oid":"6565ec26bd6bd0539b4636ee"},"type":"laptop","model":"k12"}
{"_id":{"$oid":"6565ec26bd6bd0539b4636ef"},"type":"laptop","model":"kz"}
{"_id":{"$oid":"6565ec26bd6bd0539b4636f0"},"type":"laptop","model":"c6"}
{"_id":{"$oid":"6565ec26bd6bd0539b4636f1"},"type":"laptop","model":"j3"}
{"_id":{"$oid":"6565ec26bd6bd0539b4636f2"},"type":"laptop","model":"j3"}
{"_id":{"$oid":"6565ec26bd6bd0539b4636f3"},"type":"laptop","model":"qw2"}
{"_id":{"$oid":"6565ec26bd6bd0539b4636f4"},"type":"laptop","model":"ay9"}
{"_id":{"$oid":"6565ec26bd6bd0539b4636f5"},"type":"laptop","model":"j3"}
{"_id":{"$oid":"6565ec26bd6bd0539b4636f6"},"type":"laptop","model":"jl3"}
{"_id":{"$oid":"6565ec26bd6bd0539b4636f7"},"type":"laptop","model":"j3"}
{"_id":{"$oid":"6565ec26bd6bd0539b4636f8"},"type":"laptop","model":"qw2"}
{"_id":{"$oid":"6565ec26bd6bd0539b4636f9"},"type":"laptop","model":"zeta"}
{"_id":{"$oid":"6565ec26bd6bd0539b4636fa"},"type":"laptop","model":"zeta"}
{"_id":{"$oid":"6565ec26bd6bd0539b4636fb"},"type":"laptop","model":"ki2"}
{"_id":{"$oid":"6565ec26bd6bd0539b4636fc"},"type":"laptop","model":"k12"}
{"_id":{"$oid":"6565ec26bd6bd0539b4636fd"},"type":"laptop","model":"c6"}
{"_id":{"$oid":"6565ec26bd6bd0539b4636fe"},"type":"laptop","model":"jl3"}
{"_id":{"$oid":"6565ec26bd6bd0539b4636ff"},"type":"laptop","model":"ay9"}
{"_id":{"$oid":"6565ec26bd6bd0539b463700"},"type":"laptop","model":"zeta"}
{"_id":{"$oid":"6565ec26bd6bd0539b463701"},"type":"laptop","model":"k12"}
{"_id":{"$oid":"6565ec26bd6bd0539b463702"},"type":"laptop","model":"ki2"}
{"_id":{"$oid":"6565ec26bd6bd0539b463703"},"type":"laptop","model":"ki2"}
{"_id":{"$oid":"6565ec26bd6bd0539b463704"},"type":"laptop","model":"ay9"}
{"_id":{"$oid":"6565ec26bd6bd0539b463705"},"type":"laptop","model":"qw2"}
{"_id":{"$oid":"6565ec26bd6bd0539b463706"},"type":"laptop","model":"ki2"}
{"_id":{"$oid":"6565ec26bd6bd0539b463707"},"type":"laptop","model":"kz"}
{"_id":{"$oid":"6565ec26bd6bd0539b463708"},"type":"laptop","model":"qw2"}
{"_id":{"$oid":"6565ec26bd6bd0539b463709"},"type":"laptop","model":"jl3"}
{"_id":{"$oid":"6565ec26bd6bd0539b46370a"},"type":"laptop","model":"j3"}
{"_id":{"$oid":"6565ec26bd6bd0539b46370b"},"type":"laptop","model":"j3"}
{"_id":{"$oid":"6565ec26bd6bd0539b46370c"},"type":"laptop","model":"c6"}
{"_id":{"$oid":"6565ec26bd6bd0539b46370d"},"type":"laptop","model":"zeta"}
{"_id":{"$oid":"6565ec26bd6bd0539b46370e"},"type":"laptop","model":"kz"}
{"_id":{"$oid":"6565ec26bd6bd0539b46370f"},"type":"laptop","model":"zeta"}
{"_id":{"$oid":"6565ec26bd6bd0539b463710"},"type":"laptop","model":"jl3"}
{"_id":{"$oid":"6565ec26bd6bd0539b463711"},"type":"laptop","model":"k12"}
{"_id":{"$oid":"6565ec26bd6bd0539b463712"},"type":"laptop","model":"zeta"}
{"_id":{"$oid":"6565ec26bd6bd0539b463713"},"type":"laptop","model":"j3"}
{"_id":{"$oid":"6565ec26bd6bd0539b463714"},"type":"laptop","model":"zeta"}
{"_id":{"$oid":"6565ec26bd6bd0539b463715"},"type":"laptop","model":"kz"}
{"_id":{"$oid":"6565ec26bd6bd0539b463716"},"type":"laptop","model":"qw2"}
{"_id":{"$oid":"6565ec26bd6bd0539b463717"},"type":"laptop","model":"qw2"}
{"_id":{"$oid":"6565ec26bd6bd0539b463718"},"type":"laptop","model":"ay9"}
{"_id":{"$oid":"6565ec26bd6bd0539b463719"},"type":"laptop","model":"j3"}
{"_id":{"$oid":"6565ec26bd6bd0539b46371a"},"type":"laptop","model":"j3"}
{"_id":{"$oid":"6565ec26bd6bd0539b46371b"},"type":"laptop","model":"c6"}
{"_id":{"$oid":"6565ec26bd6bd0539b46371c"},"type":"laptop","model":"ay9"}
{"_id":{"$oid":"6565ec26bd6bd0539b46371d"},"type":"television","model":"jk23"}
{"_id":{"$oid":"6565ec26bd6bd0539b46371e"},"type":"television","model":"k20"}
{"_id":{"$oid":"6565ec26bd6bd0539b46371f"},"type":"television","model":"jk23"}
{"_id":{"$oid":"6565ec26bd6bd0539b463720"},"type":"laptop","model":"zeta"}
{"_id":{"$oid":"6565ec26bd6bd0539b463721"},"type":"television","model":"jk23"}
{"_id":{"$oid":"6565ec26bd6bd0539b463722"},"type":"television","model":"ss2"}
{"_id":{"$oid":"6565ec26bd6bd0539b463723"},"type":"television","model":"k20"}
{"_id":{"$oid":"6565ec26bd6bd0539b463724"},"type":"television","model":"jk23"}
{"_id":{"$oid":"6565ec26bd6bd0539b463725"},"type":"television","model":"boom"}
{"_id":{"$oid":"6565ec26bd6bd0539b463726"},"type":"laptop","model":"jl3"}
{"_id":{"$oid":"6565ec26bd6bd0539b463727"},"type":"television","model":"ss2"}
{"_id":{"$oid":"6565ec26bd6bd0539b463728"},"type":"television","model":"k20"}
{"_id":{"$oid":"6565ec26bd6bd0539b463729"},"type":"television","model":"dj1"}
{"_id":{"$oid":"6565ec26bd6bd0539b46372a"},"type":"television","model":"boom"}
{"_id":{"$oid":"6565ec26bd6bd0539b46372b"},"type":"television","model":"k20"}
{"_id":{"$oid":"6565ec26bd6bd0539b46372c"},"type":"television","model":"jk23"}
{"_id":{"$oid":"6565ec26bd6bd0539b46372d"},"type":"television","model":"ss2"}
{"_id":{"$oid":"6565ec26bd6bd0539b46372e"},"type":"television","model":"dj1"}
{"_id":{"$oid":"6565ec26bd6bd0539b46372f"},"type":"laptop","model":"j3"}
{"_id":{"$oid":"6565ec26bd6bd0539b463730"},"type":"television","model":"ss2"}
{"_id":{"$oid":"6565ec26bd6bd0539b463731"},"type":"television","model":"boom"}
{"_id":{"$oid":"6565ec26bd6bd0539b463732"},"type":"television","model":"boom"}
{"_id":{"$oid":"6565ec26bd6bd0539b463733"},"type":"television","model":"k20"}
{"_id":{"$oid":"6565ec26bd6bd0539b463734"},"type":"television","model":"boom"}
{"_id":{"$oid":"6565ec26bd6bd0539b463735"},"type":"television","model":"dj1"}
{"_id":{"$oid":"6565ec26bd6bd0539b463736"},"type":"television","model":"dj1"}
{"_id":{"$oid":"6565ec26bd6bd0539b463737"},"type":"television","model":"ss2"}
{"_id":{"$oid":"6565ec26bd6bd0539b463738"},"type":"television","model":"dj1"}
